-- Тестовые данные для платформы Bau4You
-- Компании
INSERT INTO companies (id, name, description, industry, city, address, phone, email, website, logo_url, cover_image, founding_year, employee_count, services, verified, created_at) VALUES
('550e8400-e29b-41d4-a716-446655440001', 'СтройМастер', 'Ведущая строительная компания с 15-летним опытом работы. Специализируемся на жилом и коммерческом строительстве, реконструкции и ремонте.', 'construction', 'Москва', 'ул. Строителей, 15', '+7 (495) 123-45-67', 'info@stroymaster.ru', 'https://stroymaster.ru', 'https://images.unsplash.com/photo-1560472354-b33ff0c44a43?w=200&h=200&fit=crop&crop=center', 'https://images.unsplash.com/photo-1541888946425-d81bb19240f5?w=800&h=400&fit=crop&crop=center', 2008, 85, ARRAY['Строительство домов', 'Ремонт квартир', 'Коммерческое строительство', 'Реконструкция'], true, NOW()),

('550e8400-e29b-41d4-a716-446655440002', 'АрхиДизайн Студия', 'Архитектурная студия полного цикла. Создаем уникальные проекты от концепции до воплощения. Индивидуальный подход к каждому клиенту.', 'architecture', 'Санкт-Петербург', 'Невский пр., 120', '+7 (812) 987-65-43', 'hello@archidesign.spb.ru', 'https://archidesign.spb.ru', 'https://images.unsplash.com/photo-1503387762-592deb58ef4e?w=200&h=200&fit=crop&crop=center', 'https://images.unsplash.com/photo-1487958449943-2429e8be8625?w=800&h=400&fit=crop&crop=center', 2015, 12, ARRAY['Архитектурное проектирование', 'Дизайн интерьера', '3D визуализация', 'Авторский надзор'], true, NOW()),

('550e8400-e29b-41d4-a716-446655440003', 'ЭлектроТех Сервис', 'Профессиональные электромонтажные работы любой сложности. Проектирование, монтаж и обслуживание электрических систем.', 'electrical', 'Екатеринбург', 'ул. Энергетиков, 45', '+7 (343) 555-12-34', 'order@electrotech.ural.ru', 'https://electrotech.ural.ru', 'https://images.unsplash.com/photo-1621905251189-08b45d6a269e?w=200&h=200&fit=crop&crop=center', 'https://images.unsplash.com/photo-1558618666-fcd25c85cd64?w=800&h=400&fit=crop&crop=center', 2012, 28, ARRAY['Электромонтаж', 'Проектирование электросетей', 'Установка освещения', 'Аварийный ремонт'], false, NOW()),

('550e8400-e29b-41d4-a716-446655440004', 'СантехПро', 'Комплексные сантехнические услуги для дома и офиса. Быстро, качественно, с гарантией. Работаем 24/7.', 'plumbing', 'Новосибирск', 'ул. Водопроводная, 8', '+7 (383) 777-88-99', 'info@santehpro.nsk.ru', 'https://santehpro.nsk.ru', 'https://images.unsplash.com/photo-1607472586893-edb57bdc0e39?w=200&h=200&fit=crop&crop=center', 'https://images.unsplash.com/photo-1585704032915-c3400ca199e7?w=800&h=400&fit=crop&crop=center', 2018, 15, ARRAY['Установка сантехники', 'Ремонт труб', 'Монтаж систем отопления', 'Аварийная служба'], true, NOW()),

('550e8400-e29b-41d4-a716-446655440005', 'КровляСпец', 'Специалисты по кровельным работам с 20-летним опытом. Все виды кровли: от ремонта до полной замены.', 'roofing', 'Казань', 'ул. Кровельная, 22', '+7 (843) 444-55-66', 'zakaz@krovlyaspec.kzn.ru', 'https://krovlyaspec.kzn.ru', 'https://images.unsplash.com/photo-1504307651254-35680f356dfd?w=200&h=200&fit=crop&crop=center', 'https://images.unsplash.com/photo-1632778149955-e80f8ceca2e8?w=800&h=400&fit=crop&crop=center', 2003, 35, ARRAY['Монтаж кровли', 'Ремонт крыш', 'Утепление кровли', 'Водосточные системы'], true, NOW());

-- Тендеры/Проекты
INSERT INTO tenders (id, title, description, budget_min, budget_max, deadline, location, category, status, requirements, client_id, created_at) VALUES
('660e8400-e29b-41d4-a716-446655440001', 'Строительство загородного дома 200 м²', 'Требуется строительство двухэтажного загородного дома площадью 200 м² из газобетона. Участок подготовлен, есть все коммуникации. Нужен полный цикл работ от фундамента до отделки.', 8000000, 12000000, '2024-08-15', 'Московская область, Одинцовский район', 'construction', 'published', ARRAY['Опыт строительства от 5 лет', 'Наличие СРО', 'Портфолио аналогичных проектов', 'Гарантия на работы'], '550e8400-e29b-41d4-a716-446655440001', NOW()),

('660e8400-e29b-41d4-a716-446655440002', 'Дизайн-проект квартиры 85 м²', 'Разработка дизайн-проекта трехкомнатной квартиры в новостройке. Современный стиль, функциональные решения. Включает планировочное решение, 3D визуализацию, рабочие чертежи.', 150000, 300000, '2024-06-30', 'Санкт-Петербург, Приморский район', 'interior_design', 'published', ARRAY['Портфолио в современном стиле', 'Опыт работы с новостройками', '3D визуализация', 'Рабочие чертежи'], '550e8400-e29b-41d4-a716-446655440002', NOW()),

('660e8400-e29b-41d4-a716-446655440003', 'Электромонтаж в офисном здании', 'Монтаж электрической сети в новом офисном здании 5 этажей. Общая площадь 2500 м². Требуется полный комплекс работ: силовые линии, освещение, слаботочные системы.', 2500000, 4000000, '2024-07-20', 'Екатеринбург, Центральный район', 'electrical', 'published', ARRAY['Допуск к электромонтажным работам', 'Опыт работы с офисными зданиями', 'Команда от 10 человек', 'Соблюдение сроков'], '550e8400-e29b-41d4-a716-446655440003', NOW()),

('660e8400-e29b-41d4-a716-446655440004', 'Реконструкция системы отопления', 'Полная замена системы отопления в жилом доме 1980 года постройки. 5 этажей, 60 квартир. Требуется демонтаж старой системы и монтаж новой с современными радиаторами.', 1800000, 2800000, '2024-09-01', 'Новосибирск, Ленинский район', 'plumbing', 'published', ARRAY['Лицензия на сантехнические работы', 'Опыт реконструкции', 'Работа с управляющими компаниями', 'Гарантия 3 года'], '550e8400-e29b-41d4-a716-446655440004', NOW()),

('660e8400-e29b-41d4-a716-446655440005', 'Ремонт кровли торгового центра', 'Капитальный ремонт кровли торгового центра площадью 5000 м². Замена гидроизоляции, утепление, монтаж новой мембранной кровли. Работы в зимний период.', 3500000, 5500000, '2024-12-15', 'Казань, Вахитовский район', 'roofing', 'published', ARRAY['Опыт работы с большими площадями', 'Возможность работы зимой', 'Альпинистское снаряжение', 'Страхование ответственности'], '550e8400-e29b-41d4-a716-446655440005', NOW());

-- Товары в магазине
INSERT INTO products (id, name, description, price, category, brand, specifications, images, in_stock, company_id, created_at) VALUES
('770e8400-e29b-41d4-a716-446655440001', 'Перфоратор Bosch GBH 2-28 F', 'Профессиональный перфоратор с функцией отбойного молотка. Мощность 880 Вт, энергия удара 3.2 Дж. Идеален для сверления отверстий в бетоне, кирпиче и камне.', 25900, 'equipment', 'Bosch', '{"power": "880 Вт", "impact_energy": "3.2 Дж", "max_diameter_concrete": "28 мм", "max_diameter_steel": "13 мм", "weight": "3.2 кг", "warranty": "2 года"}', ARRAY['https://images.unsplash.com/photo-1572981779307-38b8cabb2407?w=600&h=400&fit=crop', 'https://images.unsplash.com/photo-1504148455328-c376907d081c?w=600&h=400&fit=crop'], true, '550e8400-e29b-41d4-a716-446655440001', NOW()),

('770e8400-e29b-41d4-a716-446655440002', 'Газобетонные блоки YTONG D400', 'Автоклавные газобетонные блоки высокого качества. Размер 625x250x200 мм. Отличные теплоизоляционные свойства, легкость обработки.', 4200, 'materials', 'YTONG', '{"density": "D400", "size": "625x250x200 мм", "thermal_conductivity": "0.096 Вт/м°C", "compressive_strength": "2.5 МПа", "frost_resistance": "F100", "package": "64 блока на поддоне"}', ARRAY['https://images.unsplash.com/photo-1558618666-fcd25c85cd64?w=600&h=400&fit=crop', 'https://images.unsplash.com/photo-1504307651254-35680f356dfd?w=600&h=400&fit=crop'], true, '550e8400-e29b-41d4-a716-446655440001', NOW()),

('770e8400-e29b-41d4-a716-446655440003', 'Светодиодный прожектор 50W', 'Мощный LED прожектор для наружного освещения. Степень защиты IP65, срок службы 50000 часов. Идеален для освещения строительных площадок и фасадов.', 3500, 'electrical', 'Philips', '{"power": "50 Вт", "luminous_flux": "5000 лм", "color_temperature": "4000K", "protection_class": "IP65", "beam_angle": "120°", "lifespan": "50000 часов"}', ARRAY['https://images.unsplash.com/photo-1558618666-fcd25c85cd64?w=600&h=400&fit=crop', 'https://images.unsplash.com/photo-1621905251189-08b45d6a269e?w=600&h=400&fit=crop'], true, '550e8400-e29b-41d4-a716-446655440003', NOW()),

('770e8400-e29b-41d4-a716-446655440004', 'Смеситель для кухни Grohe Eurosmart', 'Однорычажный смеситель для кухни с поворотным изливом. Хромированное покрытие, керамический картридж, экономичный расход воды.', 8900, 'plumbing', 'Grohe', '{"type": "Однорычажный", "material": "Латунь с хромированием", "cartridge": "Керамический", "spout_height": "200 мм", "flow_rate": "5.7 л/мин", "warranty": "5 лет"}', ARRAY['https://images.unsplash.com/photo-1607472586893-edb57bdc0e39?w=600&h=400&fit=crop', 'https://images.unsplash.com/photo-1585704032915-c3400ca199e7?w=600&h=400&fit=crop'], true, '550e8400-e29b-41d4-a716-446655440004', NOW()),

('770e8400-e29b-41d4-a716-446655440005', 'Металлочерепица Grand Line Classic', 'Металлочерепица с полимерным покрытием. Толщина стали 0.5 мм, гарантия на покрытие 15 лет. Размер листа 1180x2250 мм.', 890, 'roofing', 'Grand Line', '{"steel_thickness": "0.5 мм", "coating": "Полиэстер", "sheet_size": "1180x2250 мм", "coverage_area": "2.4 м²", "color": "RAL 3005 (винно-красный)", "warranty": "15 лет"}', ARRAY['https://images.unsplash.com/photo-1504307651254-35680f356dfd?w=600&h=400&fit=crop', 'https://images.unsplash.com/photo-1632778149955-e80f8ceca2e8?w=600&h=400&fit=crop'], true, '550e8400-e29b-41d4-a716-446655440005', NOW()),

('770e8400-e29b-41d4-a716-446655440006', 'Дрель-шуруповерт Makita DF331D', 'Аккумуляторная дрель-шуруповерт 12V. Компактная и легкая, идеальна для работы в ограниченном пространстве. В комплекте 2 аккумулятора и зарядное устройство.', 12500, 'equipment', 'Makita', '{"voltage": "12V", "max_torque": "30 Нм", "chuck_capacity": "10 мм", "battery_capacity": "2.0 Ач", "weight": "1.1 кг", "package": "2 аккумулятора + зарядное"}', ARRAY['https://images.unsplash.com/photo-1572981779307-38b8cabb2407?w=600&h=400&fit=crop', 'https://images.unsplash.com/photo-1504148455328-c376907d081c?w=600&h=400&fit=crop'], true, '550e8400-e29b-41d4-a716-446655440001', NOW()),

('770e8400-e29b-41d4-a716-446655440007', 'Керамическая плитка Cersanit Sakura', 'Настенная керамическая плитка для ванной комнаты. Размер 25x40 см, глянцевая поверхность, влагостойкая. Коллекция в японском стиле.', 1250, 'materials', 'Cersanit', '{"size": "25x40 см", "thickness": "8 мм", "surface": "Глянцевая", "water_absorption": "<10%", "frost_resistance": "Да", "package": "1.5 м² (15 плиток)"}', ARRAY['https://images.unsplash.com/photo-1558618666-fcd25c85cd64?w=600&h=400&fit=crop', 'https://images.unsplash.com/photo-1504307651254-35680f356dfd?w=600&h=400&fit=crop'], true, '550e8400-e29b-41d4-a716-446655440002', NOW()),

('770e8400-e29b-41d4-a716-446655440008', 'Кабель ВВГнг-LS 3x2.5', 'Силовой кабель с медными жилами в ПВХ изоляции. Не распространяет горение, пониженное дымо- и газовыделение. Для внутренней проводки.', 85, 'electrical', 'Камкабель', '{"cross_section": "3x2.5 мм²", "conductor": "Медь", "insulation": "ПВХ", "sheath": "ПВХ пониженной горючести", "voltage": "0.66/1 кВ", "length": "1 метр"}', ARRAY['https://images.unsplash.com/photo-1558618666-fcd25c85cd64?w=600&h=400&fit=crop', 'https://images.unsplash.com/photo-1621905251189-08b45d6a269e?w=600&h=400&fit=crop'], true, '550e8400-e29b-41d4-a716-446655440003', NOW());

-- Обновляем счетчики последовательностей (если используются)
-- SELECT setval('companies_id_seq', (SELECT MAX(id) FROM companies));
-- SELECT setval('tenders_id_seq', (SELECT MAX(id) FROM tenders));
-- SELECT setval('products_id_seq', (SELECT MAX(id) FROM products));